cell_id,model,backend,N,C,stage
1,M1,gpumetropolis-CPU,100,1,A
2,M1,gpumetropolis-CPU,100,8,A
3,M1,gpumetropolis-CPU,100,64,A
4,M1,gpumetropolis-CPU,100,512,A
5,M1,gpumetropolis-CPU,100,4096,A
6,M1,gpumetropolis-CPU,100,32768,A
7,M1,gpumetropolis-CPU,1000,1,A
8,M1,gpumetropolis-CPU,1000,8,A
9,M1,gpumetropolis-CPU,1000,64,A
10,M1,gpumetropolis-CPU,1000,512,A
11,M1,gpumetropolis-CPU,1000,4096,A
12,M1,gpumetropolis-CPU,1000,32768,A
13,M1,gpumetropolis-CPU,10000,1,A
14,M1,gpumetropolis-CPU,10000,8,A
15,M1,gpumetropolis-CPU,10000,64,A
16,M1,gpumetropolis-CPU,10000,512,A
17,M1,gpumetropolis-CPU,10000,4096,A
18,M1,gpumetropolis-CPU,10000,32768,A
19,M1,gpumetropolis-CPU,100000,1,A
20,M1,gpumetropolis-CPU,100000,8,A
21,M1,gpumetropolis-CPU,100000,64,A
22,M1,gpumetropolis-CPU,100000,512,A
23,M1,gpumetropolis-CPU,100000,4096,A
24,M1,gpumetropolis-CPU,100000,32768,A
25,M1,gpumetropolis-CPU,1000000,1,A
26,M1,gpumetropolis-CPU,1000000,8,A
27,M1,gpumetropolis-CPU,1000000,64,A
28,M1,gpumetropolis-CPU,1000000,512,A
29,M1,gpumetropolis-CPU,1000000,4096,A
30,M1,gpumetropolis-CPU,1000000,32768,A
31,M1,gpumetropolis-CPU,10000000,1,A
32,M1,gpumetropolis-CPU,10000000,8,A
33,M1,gpumetropolis-CPU,10000000,64,A
34,M1,gpumetropolis-CPU,10000000,512,A
35,M1,gpumetropolis-CPU,10000000,4096,A
36,M1,gpumetropolis-CPU,10000000,32768,A
37,M1,MCMCpack,100,1,A
38,M1,MCMCpack,100,8,A
39,M1,MCMCpack,100,64,A
40,M1,MCMCpack,100,512,A
41,M1,MCMCpack,100,4096,A
42,M1,MCMCpack,100,32768,A
43,M1,MCMCpack,1000,1,A
44,M1,MCMCpack,1000,8,A
45,M1,MCMCpack,1000,64,A
46,M1,MCMCpack,1000,512,A
47,M1,MCMCpack,1000,4096,A
48,M1,MCMCpack,1000,32768,A
49,M1,MCMCpack,10000,1,A
50,M1,MCMCpack,10000,8,A
51,M1,MCMCpack,10000,64,A
52,M1,MCMCpack,10000,512,A
53,M1,MCMCpack,10000,4096,A
54,M1,MCMCpack,10000,32768,A
55,M1,MCMCpack,100000,1,A
56,M1,MCMCpack,100000,8,A
57,M1,MCMCpack,100000,64,A
58,M1,MCMCpack,100000,512,A
59,M1,MCMCpack,100000,4096,A
60,M1,MCMCpack,100000,32768,A
61,M1,MCMCpack,1000000,1,A
62,M1,MCMCpack,1000000,8,A
63,M1,MCMCpack,1000000,64,A
64,M1,MCMCpack,1000000,512,A
65,M1,MCMCpack,1000000,4096,A
66,M1,MCMCpack,1000000,32768,A
67,M1,MCMCpack,10000000,1,A
68,M1,MCMCpack,10000000,8,A
69,M1,MCMCpack,10000000,64,A
70,M1,MCMCpack,10000000,512,A
71,M1,MCMCpack,10000000,4096,A
72,M1,MCMCpack,10000000,32768,A
73,M1,mcmc,100,1,A
74,M1,mcmc,100,8,A
75,M1,mcmc,100,64,A
76,M1,mcmc,100,512,A
77,M1,mcmc,100,4096,A
78,M1,mcmc,100,32768,A
79,M1,mcmc,1000,1,A
80,M1,mcmc,1000,8,A
81,M1,mcmc,1000,64,A
82,M1,mcmc,1000,512,A
83,M1,mcmc,1000,4096,A
84,M1,mcmc,1000,32768,A
85,M1,mcmc,10000,1,A
86,M1,mcmc,10000,8,A
87,M1,mcmc,10000,64,A
88,M1,mcmc,10000,512,A
89,M1,mcmc,10000,4096,A
90,M1,mcmc,10000,32768,A
91,M1,mcmc,100000,1,A
92,M1,mcmc,100000,8,A
93,M1,mcmc,100000,64,A
94,M1,mcmc,100000,512,A
95,M1,mcmc,100000,4096,A
96,M1,mcmc,100000,32768,A
97,M1,mcmc,1000000,1,A
98,M1,mcmc,1000000,8,A
99,M1,mcmc,1000000,64,A
100,M1,mcmc,1000000,512,A
101,M1,mcmc,1000000,4096,A
102,M1,mcmc,1000000,32768,A
103,M1,mcmc,10000000,1,A
104,M1,mcmc,10000000,8,A
105,M1,mcmc,10000000,64,A
106,M1,mcmc,10000000,512,A
107,M1,mcmc,10000000,4096,A
108,M1,mcmc,10000000,32768,A
109,M1,nimble,100,1,A
110,M1,nimble,100,8,A
111,M1,nimble,100,64,A
112,M1,nimble,100,512,A
113,M1,nimble,100,4096,A
114,M1,nimble,100,32768,A
115,M1,nimble,1000,1,A
116,M1,nimble,1000,8,A
117,M1,nimble,1000,64,A
118,M1,nimble,1000,512,A
119,M1,nimble,1000,4096,A
120,M1,nimble,1000,32768,A
121,M1,nimble,10000,1,A
122,M1,nimble,10000,8,A
123,M1,nimble,10000,64,A
124,M1,nimble,10000,512,A
125,M1,nimble,10000,4096,A
126,M1,nimble,10000,32768,A
127,M1,nimble,100000,1,A
128,M1,nimble,100000,8,A
129,M1,nimble,100000,64,A
130,M1,nimble,100000,512,A
131,M1,nimble,100000,4096,A
132,M1,nimble,100000,32768,A
133,M1,nimble,1000000,1,A
134,M1,nimble,1000000,8,A
135,M1,nimble,1000000,64,A
136,M1,nimble,1000000,512,A
137,M1,nimble,1000000,4096,A
138,M1,nimble,1000000,32768,A
139,M1,nimble,10000000,1,A
140,M1,nimble,10000000,8,A
141,M1,nimble,10000000,64,A
142,M1,nimble,10000000,512,A
143,M1,nimble,10000000,4096,A
144,M1,nimble,10000000,32768,A
145,M1,BayesianTools,100,1,A
146,M1,BayesianTools,100,8,A
147,M1,BayesianTools,100,64,A
148,M1,BayesianTools,100,512,A
149,M1,BayesianTools,100,4096,A
150,M1,BayesianTools,100,32768,A
151,M1,BayesianTools,1000,1,A
152,M1,BayesianTools,1000,8,A
153,M1,BayesianTools,1000,64,A
154,M1,BayesianTools,1000,512,A
155,M1,BayesianTools,1000,4096,A
156,M1,BayesianTools,1000,32768,A
157,M1,BayesianTools,10000,1,A
158,M1,BayesianTools,10000,8,A
159,M1,BayesianTools,10000,64,A
160,M1,BayesianTools,10000,512,A
161,M1,BayesianTools,10000,4096,A
162,M1,BayesianTools,10000,32768,A
163,M1,BayesianTools,100000,1,A
164,M1,BayesianTools,100000,8,A
165,M1,BayesianTools,100000,64,A
166,M1,BayesianTools,100000,512,A
167,M1,BayesianTools,100000,4096,A
168,M1,BayesianTools,100000,32768,A
169,M1,BayesianTools,1000000,1,A
170,M1,BayesianTools,1000000,8,A
171,M1,BayesianTools,1000000,64,A
172,M1,BayesianTools,1000000,512,A
173,M1,BayesianTools,1000000,4096,A
174,M1,BayesianTools,1000000,32768,A
175,M1,BayesianTools,10000000,1,A
176,M1,BayesianTools,10000000,8,A
177,M1,BayesianTools,10000000,64,A
178,M1,BayesianTools,10000000,512,A
179,M1,BayesianTools,10000000,4096,A
180,M1,BayesianTools,10000000,32768,A
181,M1,greta,100,1,A
182,M1,greta,100,8,A
183,M1,greta,100,64,A
184,M1,greta,100,512,A
185,M1,greta,100,4096,A
186,M1,greta,100,32768,A
187,M1,greta,1000,1,A
188,M1,greta,1000,8,A
189,M1,greta,1000,64,A
190,M1,greta,1000,512,A
191,M1,greta,1000,4096,A
192,M1,greta,1000,32768,A
193,M1,greta,10000,1,A
194,M1,greta,10000,8,A
195,M1,greta,10000,64,A
196,M1,greta,10000,512,A
197,M1,greta,10000,4096,A
198,M1,greta,10000,32768,A
199,M1,greta,100000,1,A
200,M1,greta,100000,8,A
201,M1,greta,100000,64,A
202,M1,greta,100000,512,A
203,M1,greta,100000,4096,A
204,M1,greta,100000,32768,A
205,M1,greta,1000000,1,A
206,M1,greta,1000000,8,A
207,M1,greta,1000000,64,A
208,M1,greta,1000000,512,A
209,M1,greta,1000000,4096,A
210,M1,greta,1000000,32768,A
211,M1,greta,10000000,1,A
212,M1,greta,10000000,8,A
213,M1,greta,10000000,64,A
214,M1,greta,10000000,512,A
215,M1,greta,10000000,4096,A
216,M1,greta,10000000,32768,A
217,M1,Stan-cmdstanr,100,1,A
218,M1,Stan-cmdstanr,100,8,A
219,M1,Stan-cmdstanr,100,64,A
220,M1,Stan-cmdstanr,100,512,A
221,M1,Stan-cmdstanr,100,4096,A
222,M1,Stan-cmdstanr,100,32768,A
223,M1,Stan-cmdstanr,1000,1,A
224,M1,Stan-cmdstanr,1000,8,A
225,M1,Stan-cmdstanr,1000,64,A
226,M1,Stan-cmdstanr,1000,512,A
227,M1,Stan-cmdstanr,1000,4096,A
228,M1,Stan-cmdstanr,1000,32768,A
229,M1,Stan-cmdstanr,10000,1,A
230,M1,Stan-cmdstanr,10000,8,A
231,M1,Stan-cmdstanr,10000,64,A
232,M1,Stan-cmdstanr,10000,512,A
233,M1,Stan-cmdstanr,10000,4096,A
234,M1,Stan-cmdstanr,10000,32768,A
235,M1,Stan-cmdstanr,100000,1,A
236,M1,Stan-cmdstanr,100000,8,A
237,M1,Stan-cmdstanr,100000,64,A
238,M1,Stan-cmdstanr,100000,512,A
239,M1,Stan-cmdstanr,100000,4096,A
240,M1,Stan-cmdstanr,100000,32768,A
241,M1,Stan-cmdstanr,1000000,1,A
242,M1,Stan-cmdstanr,1000000,8,A
243,M1,Stan-cmdstanr,1000000,64,A
244,M1,Stan-cmdstanr,1000000,512,A
245,M1,Stan-cmdstanr,1000000,4096,A
246,M1,Stan-cmdstanr,1000000,32768,A
247,M1,Stan-cmdstanr,10000000,1,A
248,M1,Stan-cmdstanr,10000000,8,A
249,M1,Stan-cmdstanr,10000000,64,A
250,M1,Stan-cmdstanr,10000000,512,A
251,M1,Stan-cmdstanr,10000000,4096,A
252,M1,Stan-cmdstanr,10000000,32768,A
253,M1,gpumetropolis-CUDA,100,1,B
254,M1,gpumetropolis-CUDA,100,8,B
255,M1,gpumetropolis-CUDA,100,64,B
256,M1,gpumetropolis-CUDA,100,512,B
257,M1,gpumetropolis-CUDA,100,4096,B
258,M1,gpumetropolis-CUDA,100,32768,B
259,M1,gpumetropolis-CUDA,1000,1,B
260,M1,gpumetropolis-CUDA,1000,8,B
261,M1,gpumetropolis-CUDA,1000,64,B
262,M1,gpumetropolis-CUDA,1000,512,B
263,M1,gpumetropolis-CUDA,1000,4096,B
264,M1,gpumetropolis-CUDA,1000,32768,B
265,M1,gpumetropolis-CUDA,10000,1,B
266,M1,gpumetropolis-CUDA,10000,8,B
267,M1,gpumetropolis-CUDA,10000,64,B
268,M1,gpumetropolis-CUDA,10000,512,B
269,M1,gpumetropolis-CUDA,10000,4096,B
270,M1,gpumetropolis-CUDA,10000,32768,B
271,M1,gpumetropolis-CUDA,100000,1,B
272,M1,gpumetropolis-CUDA,100000,8,B
273,M1,gpumetropolis-CUDA,100000,64,B
274,M1,gpumetropolis-CUDA,100000,512,B
275,M1,gpumetropolis-CUDA,100000,4096,B
276,M1,gpumetropolis-CUDA,100000,32768,B
277,M1,gpumetropolis-CUDA,1000000,1,B
278,M1,gpumetropolis-CUDA,1000000,8,B
279,M1,gpumetropolis-CUDA,1000000,64,B
280,M1,gpumetropolis-CUDA,1000000,512,B
281,M1,gpumetropolis-CUDA,1000000,4096,B
282,M1,gpumetropolis-CUDA,1000000,32768,B
283,M1,gpumetropolis-CUDA,10000000,1,B
284,M1,gpumetropolis-CUDA,10000000,8,B
285,M1,gpumetropolis-CUDA,10000000,64,B
286,M1,gpumetropolis-CUDA,10000000,512,B
287,M1,gpumetropolis-CUDA,10000000,4096,B
288,M1,gpumetropolis-CUDA,10000000,32768,B
289,M1,gpumetropolis-Vulkan-NVIDIA,100,1,B
290,M1,gpumetropolis-Vulkan-NVIDIA,100,8,B
291,M1,gpumetropolis-Vulkan-NVIDIA,100,64,B
292,M1,gpumetropolis-Vulkan-NVIDIA,100,512,B
293,M1,gpumetropolis-Vulkan-NVIDIA,100,4096,B
294,M1,gpumetropolis-Vulkan-NVIDIA,100,32768,B
295,M1,gpumetropolis-Vulkan-NVIDIA,1000,1,B
296,M1,gpumetropolis-Vulkan-NVIDIA,1000,8,B
297,M1,gpumetropolis-Vulkan-NVIDIA,1000,64,B
298,M1,gpumetropolis-Vulkan-NVIDIA,1000,512,B
299,M1,gpumetropolis-Vulkan-NVIDIA,1000,4096,B
300,M1,gpumetropolis-Vulkan-NVIDIA,1000,32768,B
301,M1,gpumetropolis-Vulkan-NVIDIA,10000,1,B
302,M1,gpumetropolis-Vulkan-NVIDIA,10000,8,B
303,M1,gpumetropolis-Vulkan-NVIDIA,10000,64,B
304,M1,gpumetropolis-Vulkan-NVIDIA,10000,512,B
305,M1,gpumetropolis-Vulkan-NVIDIA,10000,4096,B
306,M1,gpumetropolis-Vulkan-NVIDIA,10000,32768,B
307,M1,gpumetropolis-Vulkan-NVIDIA,100000,1,B
308,M1,gpumetropolis-Vulkan-NVIDIA,100000,8,B
309,M1,gpumetropolis-Vulkan-NVIDIA,100000,64,B
310,M1,gpumetropolis-Vulkan-NVIDIA,100000,512,B
311,M1,gpumetropolis-Vulkan-NVIDIA,100000,4096,B
312,M1,gpumetropolis-Vulkan-NVIDIA,100000,32768,B
313,M1,gpumetropolis-Vulkan-NVIDIA,1000000,1,B
314,M1,gpumetropolis-Vulkan-NVIDIA,1000000,8,B
315,M1,gpumetropolis-Vulkan-NVIDIA,1000000,64,B
316,M1,gpumetropolis-Vulkan-NVIDIA,1000000,512,B
317,M1,gpumetropolis-Vulkan-NVIDIA,1000000,4096,B
318,M1,gpumetropolis-Vulkan-NVIDIA,1000000,32768,B
319,M1,gpumetropolis-Vulkan-NVIDIA,10000000,1,B
320,M1,gpumetropolis-Vulkan-NVIDIA,10000000,8,B
321,M1,gpumetropolis-Vulkan-NVIDIA,10000000,64,B
322,M1,gpumetropolis-Vulkan-NVIDIA,10000000,512,B
323,M1,gpumetropolis-Vulkan-NVIDIA,10000000,4096,B
324,M1,gpumetropolis-Vulkan-NVIDIA,10000000,32768,B
325,M1,gpumetropolis-Vulkan-AMD,100,1,B
326,M1,gpumetropolis-Vulkan-AMD,100,8,B
327,M1,gpumetropolis-Vulkan-AMD,100,64,B
328,M1,gpumetropolis-Vulkan-AMD,100,512,B
329,M1,gpumetropolis-Vulkan-AMD,100,4096,B
330,M1,gpumetropolis-Vulkan-AMD,100,32768,B
331,M1,gpumetropolis-Vulkan-AMD,1000,1,B
332,M1,gpumetropolis-Vulkan-AMD,1000,8,B
333,M1,gpumetropolis-Vulkan-AMD,1000,64,B
334,M1,gpumetropolis-Vulkan-AMD,1000,512,B
335,M1,gpumetropolis-Vulkan-AMD,1000,4096,B
336,M1,gpumetropolis-Vulkan-AMD,1000,32768,B
337,M1,gpumetropolis-Vulkan-AMD,10000,1,B
338,M1,gpumetropolis-Vulkan-AMD,10000,8,B
339,M1,gpumetropolis-Vulkan-AMD,10000,64,B
340,M1,gpumetropolis-Vulkan-AMD,10000,512,B
341,M1,gpumetropolis-Vulkan-AMD,10000,4096,B
342,M1,gpumetropolis-Vulkan-AMD,10000,32768,B
343,M1,gpumetropolis-Vulkan-AMD,100000,1,B
344,M1,gpumetropolis-Vulkan-AMD,100000,8,B
345,M1,gpumetropolis-Vulkan-AMD,100000,64,B
346,M1,gpumetropolis-Vulkan-AMD,100000,512,B
347,M1,gpumetropolis-Vulkan-AMD,100000,4096,B
348,M1,gpumetropolis-Vulkan-AMD,100000,32768,B
349,M1,gpumetropolis-Vulkan-AMD,1000000,1,B
350,M1,gpumetropolis-Vulkan-AMD,1000000,8,B
351,M1,gpumetropolis-Vulkan-AMD,1000000,64,B
352,M1,gpumetropolis-Vulkan-AMD,1000000,512,B
353,M1,gpumetropolis-Vulkan-AMD,1000000,4096,B
354,M1,gpumetropolis-Vulkan-AMD,1000000,32768,B
355,M1,gpumetropolis-Vulkan-AMD,10000000,1,B
356,M1,gpumetropolis-Vulkan-AMD,10000000,8,B
357,M1,gpumetropolis-Vulkan-AMD,10000000,64,B
358,M1,gpumetropolis-Vulkan-AMD,10000000,512,B
359,M1,gpumetropolis-Vulkan-AMD,10000000,4096,B
360,M1,gpumetropolis-Vulkan-AMD,10000000,32768,B
361,M2,gpumetropolis-CPU,100,1,A
362,M2,gpumetropolis-CPU,100,8,A
363,M2,gpumetropolis-CPU,100,64,A
364,M2,gpumetropolis-CPU,100,512,A
365,M2,gpumetropolis-CPU,100,4096,A
366,M2,gpumetropolis-CPU,100,32768,A
367,M2,gpumetropolis-CPU,1000,1,A
368,M2,gpumetropolis-CPU,1000,8,A
369,M2,gpumetropolis-CPU,1000,64,A
370,M2,gpumetropolis-CPU,1000,512,A
371,M2,gpumetropolis-CPU,1000,4096,A
372,M2,gpumetropolis-CPU,1000,32768,A
373,M2,gpumetropolis-CPU,10000,1,A
374,M2,gpumetropolis-CPU,10000,8,A
375,M2,gpumetropolis-CPU,10000,64,A
376,M2,gpumetropolis-CPU,10000,512,A
377,M2,gpumetropolis-CPU,10000,4096,A
378,M2,gpumetropolis-CPU,10000,32768,A
379,M2,gpumetropolis-CPU,100000,1,A
380,M2,gpumetropolis-CPU,100000,8,A
381,M2,gpumetropolis-CPU,100000,64,A
382,M2,gpumetropolis-CPU,100000,512,A
383,M2,gpumetropolis-CPU,100000,4096,A
384,M2,gpumetropolis-CPU,100000,32768,A
385,M2,gpumetropolis-CPU,1000000,1,A
386,M2,gpumetropolis-CPU,1000000,8,A
387,M2,gpumetropolis-CPU,1000000,64,A
388,M2,gpumetropolis-CPU,1000000,512,A
389,M2,gpumetropolis-CPU,1000000,4096,A
390,M2,gpumetropolis-CPU,1000000,32768,A
391,M2,gpumetropolis-CPU,10000000,1,A
392,M2,gpumetropolis-CPU,10000000,8,A
393,M2,gpumetropolis-CPU,10000000,64,A
394,M2,gpumetropolis-CPU,10000000,512,A
395,M2,gpumetropolis-CPU,10000000,4096,A
396,M2,gpumetropolis-CPU,10000000,32768,A
397,M2,MCMCpack,100,1,A
398,M2,MCMCpack,100,8,A
399,M2,MCMCpack,100,64,A
400,M2,MCMCpack,100,512,A
401,M2,MCMCpack,100,4096,A
402,M2,MCMCpack,100,32768,A
403,M2,MCMCpack,1000,1,A
404,M2,MCMCpack,1000,8,A
405,M2,MCMCpack,1000,64,A
406,M2,MCMCpack,1000,512,A
407,M2,MCMCpack,1000,4096,A
408,M2,MCMCpack,1000,32768,A
409,M2,MCMCpack,10000,1,A
410,M2,MCMCpack,10000,8,A
411,M2,MCMCpack,10000,64,A
412,M2,MCMCpack,10000,512,A
413,M2,MCMCpack,10000,4096,A
414,M2,MCMCpack,10000,32768,A
415,M2,MCMCpack,100000,1,A
416,M2,MCMCpack,100000,8,A
417,M2,MCMCpack,100000,64,A
418,M2,MCMCpack,100000,512,A
419,M2,MCMCpack,100000,4096,A
420,M2,MCMCpack,100000,32768,A
421,M2,MCMCpack,1000000,1,A
422,M2,MCMCpack,1000000,8,A
423,M2,MCMCpack,1000000,64,A
424,M2,MCMCpack,1000000,512,A
425,M2,MCMCpack,1000000,4096,A
426,M2,MCMCpack,1000000,32768,A
427,M2,MCMCpack,10000000,1,A
428,M2,MCMCpack,10000000,8,A
429,M2,MCMCpack,10000000,64,A
430,M2,MCMCpack,10000000,512,A
431,M2,MCMCpack,10000000,4096,A
432,M2,MCMCpack,10000000,32768,A
433,M2,mcmc,100,1,A
434,M2,mcmc,100,8,A
435,M2,mcmc,100,64,A
436,M2,mcmc,100,512,A
437,M2,mcmc,100,4096,A
438,M2,mcmc,100,32768,A
439,M2,mcmc,1000,1,A
440,M2,mcmc,1000,8,A
441,M2,mcmc,1000,64,A
442,M2,mcmc,1000,512,A
443,M2,mcmc,1000,4096,A
444,M2,mcmc,1000,32768,A
445,M2,mcmc,10000,1,A
446,M2,mcmc,10000,8,A
447,M2,mcmc,10000,64,A
448,M2,mcmc,10000,512,A
449,M2,mcmc,10000,4096,A
450,M2,mcmc,10000,32768,A
451,M2,mcmc,100000,1,A
452,M2,mcmc,100000,8,A
453,M2,mcmc,100000,64,A
454,M2,mcmc,100000,512,A
455,M2,mcmc,100000,4096,A
456,M2,mcmc,100000,32768,A
457,M2,mcmc,1000000,1,A
458,M2,mcmc,1000000,8,A
459,M2,mcmc,1000000,64,A
460,M2,mcmc,1000000,512,A
461,M2,mcmc,1000000,4096,A
462,M2,mcmc,1000000,32768,A
463,M2,mcmc,10000000,1,A
464,M2,mcmc,10000000,8,A
465,M2,mcmc,10000000,64,A
466,M2,mcmc,10000000,512,A
467,M2,mcmc,10000000,4096,A
468,M2,mcmc,10000000,32768,A
469,M2,nimble,100,1,A
470,M2,nimble,100,8,A
471,M2,nimble,100,64,A
472,M2,nimble,100,512,A
473,M2,nimble,100,4096,A
474,M2,nimble,100,32768,A
475,M2,nimble,1000,1,A
476,M2,nimble,1000,8,A
477,M2,nimble,1000,64,A
478,M2,nimble,1000,512,A
479,M2,nimble,1000,4096,A
480,M2,nimble,1000,32768,A
481,M2,nimble,10000,1,A
482,M2,nimble,10000,8,A
483,M2,nimble,10000,64,A
484,M2,nimble,10000,512,A
485,M2,nimble,10000,4096,A
486,M2,nimble,10000,32768,A
487,M2,nimble,100000,1,A
488,M2,nimble,100000,8,A
489,M2,nimble,100000,64,A
490,M2,nimble,100000,512,A
491,M2,nimble,100000,4096,A
492,M2,nimble,100000,32768,A
493,M2,nimble,1000000,1,A
494,M2,nimble,1000000,8,A
495,M2,nimble,1000000,64,A
496,M2,nimble,1000000,512,A
497,M2,nimble,1000000,4096,A
498,M2,nimble,1000000,32768,A
499,M2,nimble,10000000,1,A
500,M2,nimble,10000000,8,A
501,M2,nimble,10000000,64,A
502,M2,nimble,10000000,512,A
503,M2,nimble,10000000,4096,A
504,M2,nimble,10000000,32768,A
505,M2,BayesianTools,100,1,A
506,M2,BayesianTools,100,8,A
507,M2,BayesianTools,100,64,A
508,M2,BayesianTools,100,512,A
509,M2,BayesianTools,100,4096,A
510,M2,BayesianTools,100,32768,A
511,M2,BayesianTools,1000,1,A
512,M2,BayesianTools,1000,8,A
513,M2,BayesianTools,1000,64,A
514,M2,BayesianTools,1000,512,A
515,M2,BayesianTools,1000,4096,A
516,M2,BayesianTools,1000,32768,A
517,M2,BayesianTools,10000,1,A
518,M2,BayesianTools,10000,8,A
519,M2,BayesianTools,10000,64,A
520,M2,BayesianTools,10000,512,A
521,M2,BayesianTools,10000,4096,A
522,M2,BayesianTools,10000,32768,A
523,M2,BayesianTools,100000,1,A
524,M2,BayesianTools,100000,8,A
525,M2,BayesianTools,100000,64,A
526,M2,BayesianTools,100000,512,A
527,M2,BayesianTools,100000,4096,A
528,M2,BayesianTools,100000,32768,A
529,M2,BayesianTools,1000000,1,A
530,M2,BayesianTools,1000000,8,A
531,M2,BayesianTools,1000000,64,A
532,M2,BayesianTools,1000000,512,A
533,M2,BayesianTools,1000000,4096,A
534,M2,BayesianTools,1000000,32768,A
535,M2,BayesianTools,10000000,1,A
536,M2,BayesianTools,10000000,8,A
537,M2,BayesianTools,10000000,64,A
538,M2,BayesianTools,10000000,512,A
539,M2,BayesianTools,10000000,4096,A
540,M2,BayesianTools,10000000,32768,A
541,M2,greta,100,1,A
542,M2,greta,100,8,A
543,M2,greta,100,64,A
544,M2,greta,100,512,A
545,M2,greta,100,4096,A
546,M2,greta,100,32768,A
547,M2,greta,1000,1,A
548,M2,greta,1000,8,A
549,M2,greta,1000,64,A
550,M2,greta,1000,512,A
551,M2,greta,1000,4096,A
552,M2,greta,1000,32768,A
553,M2,greta,10000,1,A
554,M2,greta,10000,8,A
555,M2,greta,10000,64,A
556,M2,greta,10000,512,A
557,M2,greta,10000,4096,A
558,M2,greta,10000,32768,A
559,M2,greta,100000,1,A
560,M2,greta,100000,8,A
561,M2,greta,100000,64,A
562,M2,greta,100000,512,A
563,M2,greta,100000,4096,A
564,M2,greta,100000,32768,A
565,M2,greta,1000000,1,A
566,M2,greta,1000000,8,A
567,M2,greta,1000000,64,A
568,M2,greta,1000000,512,A
569,M2,greta,1000000,4096,A
570,M2,greta,1000000,32768,A
571,M2,greta,10000000,1,A
572,M2,greta,10000000,8,A
573,M2,greta,10000000,64,A
574,M2,greta,10000000,512,A
575,M2,greta,10000000,4096,A
576,M2,greta,10000000,32768,A
577,M2,Stan-cmdstanr,100,1,A
578,M2,Stan-cmdstanr,100,8,A
579,M2,Stan-cmdstanr,100,64,A
580,M2,Stan-cmdstanr,100,512,A
581,M2,Stan-cmdstanr,100,4096,A
582,M2,Stan-cmdstanr,100,32768,A
583,M2,Stan-cmdstanr,1000,1,A
584,M2,Stan-cmdstanr,1000,8,A
585,M2,Stan-cmdstanr,1000,64,A
586,M2,Stan-cmdstanr,1000,512,A
587,M2,Stan-cmdstanr,1000,4096,A
588,M2,Stan-cmdstanr,1000,32768,A
589,M2,Stan-cmdstanr,10000,1,A
590,M2,Stan-cmdstanr,10000,8,A
591,M2,Stan-cmdstanr,10000,64,A
592,M2,Stan-cmdstanr,10000,512,A
593,M2,Stan-cmdstanr,10000,4096,A
594,M2,Stan-cmdstanr,10000,32768,A
595,M2,Stan-cmdstanr,100000,1,A
596,M2,Stan-cmdstanr,100000,8,A
597,M2,Stan-cmdstanr,100000,64,A
598,M2,Stan-cmdstanr,100000,512,A
599,M2,Stan-cmdstanr,100000,4096,A
600,M2,Stan-cmdstanr,100000,32768,A
601,M2,Stan-cmdstanr,1000000,1,A
602,M2,Stan-cmdstanr,1000000,8,A
603,M2,Stan-cmdstanr,1000000,64,A
604,M2,Stan-cmdstanr,1000000,512,A
605,M2,Stan-cmdstanr,1000000,4096,A
606,M2,Stan-cmdstanr,1000000,32768,A
607,M2,Stan-cmdstanr,10000000,1,A
608,M2,Stan-cmdstanr,10000000,8,A
609,M2,Stan-cmdstanr,10000000,64,A
610,M2,Stan-cmdstanr,10000000,512,A
611,M2,Stan-cmdstanr,10000000,4096,A
612,M2,Stan-cmdstanr,10000000,32768,A
613,M2,gpumetropolis-CUDA,100,1,B
614,M2,gpumetropolis-CUDA,100,8,B
615,M2,gpumetropolis-CUDA,100,64,B
616,M2,gpumetropolis-CUDA,100,512,B
617,M2,gpumetropolis-CUDA,100,4096,B
618,M2,gpumetropolis-CUDA,100,32768,B
619,M2,gpumetropolis-CUDA,1000,1,B
620,M2,gpumetropolis-CUDA,1000,8,B
621,M2,gpumetropolis-CUDA,1000,64,B
622,M2,gpumetropolis-CUDA,1000,512,B
623,M2,gpumetropolis-CUDA,1000,4096,B
624,M2,gpumetropolis-CUDA,1000,32768,B
625,M2,gpumetropolis-CUDA,10000,1,B
626,M2,gpumetropolis-CUDA,10000,8,B
627,M2,gpumetropolis-CUDA,10000,64,B
628,M2,gpumetropolis-CUDA,10000,512,B
629,M2,gpumetropolis-CUDA,10000,4096,B
630,M2,gpumetropolis-CUDA,10000,32768,B
631,M2,gpumetropolis-CUDA,100000,1,B
632,M2,gpumetropolis-CUDA,100000,8,B
633,M2,gpumetropolis-CUDA,100000,64,B
634,M2,gpumetropolis-CUDA,100000,512,B
635,M2,gpumetropolis-CUDA,100000,4096,B
636,M2,gpumetropolis-CUDA,100000,32768,B
637,M2,gpumetropolis-CUDA,1000000,1,B
638,M2,gpumetropolis-CUDA,1000000,8,B
639,M2,gpumetropolis-CUDA,1000000,64,B
640,M2,gpumetropolis-CUDA,1000000,512,B
641,M2,gpumetropolis-CUDA,1000000,4096,B
642,M2,gpumetropolis-CUDA,1000000,32768,B
643,M2,gpumetropolis-CUDA,10000000,1,B
644,M2,gpumetropolis-CUDA,10000000,8,B
645,M2,gpumetropolis-CUDA,10000000,64,B
646,M2,gpumetropolis-CUDA,10000000,512,B
647,M2,gpumetropolis-CUDA,10000000,4096,B
648,M2,gpumetropolis-CUDA,10000000,32768,B
649,M2,gpumetropolis-Vulkan-NVIDIA,100,1,B
650,M2,gpumetropolis-Vulkan-NVIDIA,100,8,B
651,M2,gpumetropolis-Vulkan-NVIDIA,100,64,B
652,M2,gpumetropolis-Vulkan-NVIDIA,100,512,B
653,M2,gpumetropolis-Vulkan-NVIDIA,100,4096,B
654,M2,gpumetropolis-Vulkan-NVIDIA,100,32768,B
655,M2,gpumetropolis-Vulkan-NVIDIA,1000,1,B
656,M2,gpumetropolis-Vulkan-NVIDIA,1000,8,B
657,M2,gpumetropolis-Vulkan-NVIDIA,1000,64,B
658,M2,gpumetropolis-Vulkan-NVIDIA,1000,512,B
659,M2,gpumetropolis-Vulkan-NVIDIA,1000,4096,B
660,M2,gpumetropolis-Vulkan-NVIDIA,1000,32768,B
661,M2,gpumetropolis-Vulkan-NVIDIA,10000,1,B
662,M2,gpumetropolis-Vulkan-NVIDIA,10000,8,B
663,M2,gpumetropolis-Vulkan-NVIDIA,10000,64,B
664,M2,gpumetropolis-Vulkan-NVIDIA,10000,512,B
665,M2,gpumetropolis-Vulkan-NVIDIA,10000,4096,B
666,M2,gpumetropolis-Vulkan-NVIDIA,10000,32768,B
667,M2,gpumetropolis-Vulkan-NVIDIA,100000,1,B
668,M2,gpumetropolis-Vulkan-NVIDIA,100000,8,B
669,M2,gpumetropolis-Vulkan-NVIDIA,100000,64,B
670,M2,gpumetropolis-Vulkan-NVIDIA,100000,512,B
671,M2,gpumetropolis-Vulkan-NVIDIA,100000,4096,B
672,M2,gpumetropolis-Vulkan-NVIDIA,100000,32768,B
673,M2,gpumetropolis-Vulkan-NVIDIA,1000000,1,B
674,M2,gpumetropolis-Vulkan-NVIDIA,1000000,8,B
675,M2,gpumetropolis-Vulkan-NVIDIA,1000000,64,B
676,M2,gpumetropolis-Vulkan-NVIDIA,1000000,512,B
677,M2,gpumetropolis-Vulkan-NVIDIA,1000000,4096,B
678,M2,gpumetropolis-Vulkan-NVIDIA,1000000,32768,B
679,M2,gpumetropolis-Vulkan-NVIDIA,10000000,1,B
680,M2,gpumetropolis-Vulkan-NVIDIA,10000000,8,B
681,M2,gpumetropolis-Vulkan-NVIDIA,10000000,64,B
682,M2,gpumetropolis-Vulkan-NVIDIA,10000000,512,B
683,M2,gpumetropolis-Vulkan-NVIDIA,10000000,4096,B
684,M2,gpumetropolis-Vulkan-NVIDIA,10000000,32768,B
685,M2,gpumetropolis-Vulkan-AMD,100,1,B
686,M2,gpumetropolis-Vulkan-AMD,100,8,B
687,M2,gpumetropolis-Vulkan-AMD,100,64,B
688,M2,gpumetropolis-Vulkan-AMD,100,512,B
689,M2,gpumetropolis-Vulkan-AMD,100,4096,B
690,M2,gpumetropolis-Vulkan-AMD,100,32768,B
691,M2,gpumetropolis-Vulkan-AMD,1000,1,B
692,M2,gpumetropolis-Vulkan-AMD,1000,8,B
693,M2,gpumetropolis-Vulkan-AMD,1000,64,B
694,M2,gpumetropolis-Vulkan-AMD,1000,512,B
695,M2,gpumetropolis-Vulkan-AMD,1000,4096,B
696,M2,gpumetropolis-Vulkan-AMD,1000,32768,B
697,M2,gpumetropolis-Vulkan-AMD,10000,1,B
698,M2,gpumetropolis-Vulkan-AMD,10000,8,B
699,M2,gpumetropolis-Vulkan-AMD,10000,64,B
700,M2,gpumetropolis-Vulkan-AMD,10000,512,B
701,M2,gpumetropolis-Vulkan-AMD,10000,4096,B
702,M2,gpumetropolis-Vulkan-AMD,10000,32768,B
703,M2,gpumetropolis-Vulkan-AMD,100000,1,B
704,M2,gpumetropolis-Vulkan-AMD,100000,8,B
705,M2,gpumetropolis-Vulkan-AMD,100000,64,B
706,M2,gpumetropolis-Vulkan-AMD,100000,512,B
707,M2,gpumetropolis-Vulkan-AMD,100000,4096,B
708,M2,gpumetropolis-Vulkan-AMD,100000,32768,B
709,M2,gpumetropolis-Vulkan-AMD,1000000,1,B
710,M2,gpumetropolis-Vulkan-AMD,1000000,8,B
711,M2,gpumetropolis-Vulkan-AMD,1000000,64,B
712,M2,gpumetropolis-Vulkan-AMD,1000000,512,B
713,M2,gpumetropolis-Vulkan-AMD,1000000,4096,B
714,M2,gpumetropolis-Vulkan-AMD,1000000,32768,B
715,M2,gpumetropolis-Vulkan-AMD,10000000,1,B
716,M2,gpumetropolis-Vulkan-AMD,10000000,8,B
717,M2,gpumetropolis-Vulkan-AMD,10000000,64,B
718,M2,gpumetropolis-Vulkan-AMD,10000000,512,B
719,M2,gpumetropolis-Vulkan-AMD,10000000,4096,B
720,M2,gpumetropolis-Vulkan-AMD,10000000,32768,B
721,M3,gpumetropolis-CPU,100,1,A
722,M3,gpumetropolis-CPU,100,8,A
723,M3,gpumetropolis-CPU,100,64,A
724,M3,gpumetropolis-CPU,100,512,A
725,M3,gpumetropolis-CPU,100,4096,A
726,M3,gpumetropolis-CPU,100,32768,A
727,M3,gpumetropolis-CPU,1000,1,A
728,M3,gpumetropolis-CPU,1000,8,A
729,M3,gpumetropolis-CPU,1000,64,A
730,M3,gpumetropolis-CPU,1000,512,A
731,M3,gpumetropolis-CPU,1000,4096,A
732,M3,gpumetropolis-CPU,1000,32768,A
733,M3,gpumetropolis-CPU,10000,1,A
734,M3,gpumetropolis-CPU,10000,8,A
735,M3,gpumetropolis-CPU,10000,64,A
736,M3,gpumetropolis-CPU,10000,512,A
737,M3,gpumetropolis-CPU,10000,4096,A
738,M3,gpumetropolis-CPU,10000,32768,A
739,M3,gpumetropolis-CPU,100000,1,A
740,M3,gpumetropolis-CPU,100000,8,A
741,M3,gpumetropolis-CPU,100000,64,A
742,M3,gpumetropolis-CPU,100000,512,A
743,M3,gpumetropolis-CPU,100000,4096,A
744,M3,gpumetropolis-CPU,100000,32768,A
745,M3,gpumetropolis-CPU,1000000,1,A
746,M3,gpumetropolis-CPU,1000000,8,A
747,M3,gpumetropolis-CPU,1000000,64,A
748,M3,gpumetropolis-CPU,1000000,512,A
749,M3,gpumetropolis-CPU,1000000,4096,A
750,M3,gpumetropolis-CPU,1000000,32768,A
751,M3,gpumetropolis-CPU,10000000,1,A
752,M3,gpumetropolis-CPU,10000000,8,A
753,M3,gpumetropolis-CPU,10000000,64,A
754,M3,gpumetropolis-CPU,10000000,512,A
755,M3,gpumetropolis-CPU,10000000,4096,A
756,M3,gpumetropolis-CPU,10000000,32768,A
757,M3,MCMCpack,100,1,A
758,M3,MCMCpack,100,8,A
759,M3,MCMCpack,100,64,A
760,M3,MCMCpack,100,512,A
761,M3,MCMCpack,100,4096,A
762,M3,MCMCpack,100,32768,A
763,M3,MCMCpack,1000,1,A
764,M3,MCMCpack,1000,8,A
765,M3,MCMCpack,1000,64,A
766,M3,MCMCpack,1000,512,A
767,M3,MCMCpack,1000,4096,A
768,M3,MCMCpack,1000,32768,A
769,M3,MCMCpack,10000,1,A
770,M3,MCMCpack,10000,8,A
771,M3,MCMCpack,10000,64,A
772,M3,MCMCpack,10000,512,A
773,M3,MCMCpack,10000,4096,A
774,M3,MCMCpack,10000,32768,A
775,M3,MCMCpack,100000,1,A
776,M3,MCMCpack,100000,8,A
777,M3,MCMCpack,100000,64,A
778,M3,MCMCpack,100000,512,A
779,M3,MCMCpack,100000,4096,A
780,M3,MCMCpack,100000,32768,A
781,M3,MCMCpack,1000000,1,A
782,M3,MCMCpack,1000000,8,A
783,M3,MCMCpack,1000000,64,A
784,M3,MCMCpack,1000000,512,A
785,M3,MCMCpack,1000000,4096,A
786,M3,MCMCpack,1000000,32768,A
787,M3,MCMCpack,10000000,1,A
788,M3,MCMCpack,10000000,8,A
789,M3,MCMCpack,10000000,64,A
790,M3,MCMCpack,10000000,512,A
791,M3,MCMCpack,10000000,4096,A
792,M3,MCMCpack,10000000,32768,A
793,M3,mcmc,100,1,A
794,M3,mcmc,100,8,A
795,M3,mcmc,100,64,A
796,M3,mcmc,100,512,A
797,M3,mcmc,100,4096,A
798,M3,mcmc,100,32768,A
799,M3,mcmc,1000,1,A
800,M3,mcmc,1000,8,A
801,M3,mcmc,1000,64,A
802,M3,mcmc,1000,512,A
803,M3,mcmc,1000,4096,A
804,M3,mcmc,1000,32768,A
805,M3,mcmc,10000,1,A
806,M3,mcmc,10000,8,A
807,M3,mcmc,10000,64,A
808,M3,mcmc,10000,512,A
809,M3,mcmc,10000,4096,A
810,M3,mcmc,10000,32768,A
811,M3,mcmc,100000,1,A
812,M3,mcmc,100000,8,A
813,M3,mcmc,100000,64,A
814,M3,mcmc,100000,512,A
815,M3,mcmc,100000,4096,A
816,M3,mcmc,100000,32768,A
817,M3,mcmc,1000000,1,A
818,M3,mcmc,1000000,8,A
819,M3,mcmc,1000000,64,A
820,M3,mcmc,1000000,512,A
821,M3,mcmc,1000000,4096,A
822,M3,mcmc,1000000,32768,A
823,M3,mcmc,10000000,1,A
824,M3,mcmc,10000000,8,A
825,M3,mcmc,10000000,64,A
826,M3,mcmc,10000000,512,A
827,M3,mcmc,10000000,4096,A
828,M3,mcmc,10000000,32768,A
829,M3,nimble,100,1,A
830,M3,nimble,100,8,A
831,M3,nimble,100,64,A
832,M3,nimble,100,512,A
833,M3,nimble,100,4096,A
834,M3,nimble,100,32768,A
835,M3,nimble,1000,1,A
836,M3,nimble,1000,8,A
837,M3,nimble,1000,64,A
838,M3,nimble,1000,512,A
839,M3,nimble,1000,4096,A
840,M3,nimble,1000,32768,A
841,M3,nimble,10000,1,A
842,M3,nimble,10000,8,A
843,M3,nimble,10000,64,A
844,M3,nimble,10000,512,A
845,M3,nimble,10000,4096,A
846,M3,nimble,10000,32768,A
847,M3,nimble,100000,1,A
848,M3,nimble,100000,8,A
849,M3,nimble,100000,64,A
850,M3,nimble,100000,512,A
851,M3,nimble,100000,4096,A
852,M3,nimble,100000,32768,A
853,M3,nimble,1000000,1,A
854,M3,nimble,1000000,8,A
855,M3,nimble,1000000,64,A
856,M3,nimble,1000000,512,A
857,M3,nimble,1000000,4096,A
858,M3,nimble,1000000,32768,A
859,M3,nimble,10000000,1,A
860,M3,nimble,10000000,8,A
861,M3,nimble,10000000,64,A
862,M3,nimble,10000000,512,A
863,M3,nimble,10000000,4096,A
864,M3,nimble,10000000,32768,A
865,M3,BayesianTools,100,1,A
866,M3,BayesianTools,100,8,A
867,M3,BayesianTools,100,64,A
868,M3,BayesianTools,100,512,A
869,M3,BayesianTools,100,4096,A
870,M3,BayesianTools,100,32768,A
871,M3,BayesianTools,1000,1,A
872,M3,BayesianTools,1000,8,A
873,M3,BayesianTools,1000,64,A
874,M3,BayesianTools,1000,512,A
875,M3,BayesianTools,1000,4096,A
876,M3,BayesianTools,1000,32768,A
877,M3,BayesianTools,10000,1,A
878,M3,BayesianTools,10000,8,A
879,M3,BayesianTools,10000,64,A
880,M3,BayesianTools,10000,512,A
881,M3,BayesianTools,10000,4096,A
882,M3,BayesianTools,10000,32768,A
883,M3,BayesianTools,100000,1,A
884,M3,BayesianTools,100000,8,A
885,M3,BayesianTools,100000,64,A
886,M3,BayesianTools,100000,512,A
887,M3,BayesianTools,100000,4096,A
888,M3,BayesianTools,100000,32768,A
889,M3,BayesianTools,1000000,1,A
890,M3,BayesianTools,1000000,8,A
891,M3,BayesianTools,1000000,64,A
892,M3,BayesianTools,1000000,512,A
893,M3,BayesianTools,1000000,4096,A
894,M3,BayesianTools,1000000,32768,A
895,M3,BayesianTools,10000000,1,A
896,M3,BayesianTools,10000000,8,A
897,M3,BayesianTools,10000000,64,A
898,M3,BayesianTools,10000000,512,A
899,M3,BayesianTools,10000000,4096,A
900,M3,BayesianTools,10000000,32768,A
901,M3,greta,100,1,A
902,M3,greta,100,8,A
903,M3,greta,100,64,A
904,M3,greta,100,512,A
905,M3,greta,100,4096,A
906,M3,greta,100,32768,A
907,M3,greta,1000,1,A
908,M3,greta,1000,8,A
909,M3,greta,1000,64,A
910,M3,greta,1000,512,A
911,M3,greta,1000,4096,A
912,M3,greta,1000,32768,A
913,M3,greta,10000,1,A
914,M3,greta,10000,8,A
915,M3,greta,10000,64,A
916,M3,greta,10000,512,A
917,M3,greta,10000,4096,A
918,M3,greta,10000,32768,A
919,M3,greta,100000,1,A
920,M3,greta,100000,8,A
921,M3,greta,100000,64,A
922,M3,greta,100000,512,A
923,M3,greta,100000,4096,A
924,M3,greta,100000,32768,A
925,M3,greta,1000000,1,A
926,M3,greta,1000000,8,A
927,M3,greta,1000000,64,A
928,M3,greta,1000000,512,A
929,M3,greta,1000000,4096,A
930,M3,greta,1000000,32768,A
931,M3,greta,10000000,1,A
932,M3,greta,10000000,8,A
933,M3,greta,10000000,64,A
934,M3,greta,10000000,512,A
935,M3,greta,10000000,4096,A
936,M3,greta,10000000,32768,A
937,M3,Stan-cmdstanr,100,1,A
938,M3,Stan-cmdstanr,100,8,A
939,M3,Stan-cmdstanr,100,64,A
940,M3,Stan-cmdstanr,100,512,A
941,M3,Stan-cmdstanr,100,4096,A
942,M3,Stan-cmdstanr,100,32768,A
943,M3,Stan-cmdstanr,1000,1,A
944,M3,Stan-cmdstanr,1000,8,A
945,M3,Stan-cmdstanr,1000,64,A
946,M3,Stan-cmdstanr,1000,512,A
947,M3,Stan-cmdstanr,1000,4096,A
948,M3,Stan-cmdstanr,1000,32768,A
949,M3,Stan-cmdstanr,10000,1,A
950,M3,Stan-cmdstanr,10000,8,A
951,M3,Stan-cmdstanr,10000,64,A
952,M3,Stan-cmdstanr,10000,512,A
953,M3,Stan-cmdstanr,10000,4096,A
954,M3,Stan-cmdstanr,10000,32768,A
955,M3,Stan-cmdstanr,100000,1,A
956,M3,Stan-cmdstanr,100000,8,A
957,M3,Stan-cmdstanr,100000,64,A
958,M3,Stan-cmdstanr,100000,512,A
959,M3,Stan-cmdstanr,100000,4096,A
960,M3,Stan-cmdstanr,100000,32768,A
961,M3,Stan-cmdstanr,1000000,1,A
962,M3,Stan-cmdstanr,1000000,8,A
963,M3,Stan-cmdstanr,1000000,64,A
964,M3,Stan-cmdstanr,1000000,512,A
965,M3,Stan-cmdstanr,1000000,4096,A
966,M3,Stan-cmdstanr,1000000,32768,A
967,M3,Stan-cmdstanr,10000000,1,A
968,M3,Stan-cmdstanr,10000000,8,A
969,M3,Stan-cmdstanr,10000000,64,A
970,M3,Stan-cmdstanr,10000000,512,A
971,M3,Stan-cmdstanr,10000000,4096,A
972,M3,Stan-cmdstanr,10000000,32768,A
973,M3,gpumetropolis-CUDA,100,1,B
974,M3,gpumetropolis-CUDA,100,8,B
975,M3,gpumetropolis-CUDA,100,64,B
976,M3,gpumetropolis-CUDA,100,512,B
977,M3,gpumetropolis-CUDA,100,4096,B
978,M3,gpumetropolis-CUDA,100,32768,B
979,M3,gpumetropolis-CUDA,1000,1,B
980,M3,gpumetropolis-CUDA,1000,8,B
981,M3,gpumetropolis-CUDA,1000,64,B
982,M3,gpumetropolis-CUDA,1000,512,B
983,M3,gpumetropolis-CUDA,1000,4096,B
984,M3,gpumetropolis-CUDA,1000,32768,B
985,M3,gpumetropolis-CUDA,10000,1,B
986,M3,gpumetropolis-CUDA,10000,8,B
987,M3,gpumetropolis-CUDA,10000,64,B
988,M3,gpumetropolis-CUDA,10000,512,B
989,M3,gpumetropolis-CUDA,10000,4096,B
990,M3,gpumetropolis-CUDA,10000,32768,B
991,M3,gpumetropolis-CUDA,100000,1,B
992,M3,gpumetropolis-CUDA,100000,8,B
993,M3,gpumetropolis-CUDA,100000,64,B
994,M3,gpumetropolis-CUDA,100000,512,B
995,M3,gpumetropolis-CUDA,100000,4096,B
996,M3,gpumetropolis-CUDA,100000,32768,B
997,M3,gpumetropolis-CUDA,1000000,1,B
998,M3,gpumetropolis-CUDA,1000000,8,B
999,M3,gpumetropolis-CUDA,1000000,64,B
1000,M3,gpumetropolis-CUDA,1000000,512,B
1001,M3,gpumetropolis-CUDA,1000000,4096,B
1002,M3,gpumetropolis-CUDA,1000000,32768,B
1003,M3,gpumetropolis-CUDA,10000000,1,B
1004,M3,gpumetropolis-CUDA,10000000,8,B
1005,M3,gpumetropolis-CUDA,10000000,64,B
1006,M3,gpumetropolis-CUDA,10000000,512,B
1007,M3,gpumetropolis-CUDA,10000000,4096,B
1008,M3,gpumetropolis-CUDA,10000000,32768,B
1009,M3,gpumetropolis-Vulkan-NVIDIA,100,1,B
1010,M3,gpumetropolis-Vulkan-NVIDIA,100,8,B
1011,M3,gpumetropolis-Vulkan-NVIDIA,100,64,B
1012,M3,gpumetropolis-Vulkan-NVIDIA,100,512,B
1013,M3,gpumetropolis-Vulkan-NVIDIA,100,4096,B
1014,M3,gpumetropolis-Vulkan-NVIDIA,100,32768,B
1015,M3,gpumetropolis-Vulkan-NVIDIA,1000,1,B
1016,M3,gpumetropolis-Vulkan-NVIDIA,1000,8,B
1017,M3,gpumetropolis-Vulkan-NVIDIA,1000,64,B
1018,M3,gpumetropolis-Vulkan-NVIDIA,1000,512,B
1019,M3,gpumetropolis-Vulkan-NVIDIA,1000,4096,B
1020,M3,gpumetropolis-Vulkan-NVIDIA,1000,32768,B
1021,M3,gpumetropolis-Vulkan-NVIDIA,10000,1,B
1022,M3,gpumetropolis-Vulkan-NVIDIA,10000,8,B
1023,M3,gpumetropolis-Vulkan-NVIDIA,10000,64,B
1024,M3,gpumetropolis-Vulkan-NVIDIA,10000,512,B
1025,M3,gpumetropolis-Vulkan-NVIDIA,10000,4096,B
1026,M3,gpumetropolis-Vulkan-NVIDIA,10000,32768,B
1027,M3,gpumetropolis-Vulkan-NVIDIA,100000,1,B
1028,M3,gpumetropolis-Vulkan-NVIDIA,100000,8,B
1029,M3,gpumetropolis-Vulkan-NVIDIA,100000,64,B
1030,M3,gpumetropolis-Vulkan-NVIDIA,100000,512,B
1031,M3,gpumetropolis-Vulkan-NVIDIA,100000,4096,B
1032,M3,gpumetropolis-Vulkan-NVIDIA,100000,32768,B
1033,M3,gpumetropolis-Vulkan-NVIDIA,1000000,1,B
1034,M3,gpumetropolis-Vulkan-NVIDIA,1000000,8,B
1035,M3,gpumetropolis-Vulkan-NVIDIA,1000000,64,B
1036,M3,gpumetropolis-Vulkan-NVIDIA,1000000,512,B
1037,M3,gpumetropolis-Vulkan-NVIDIA,1000000,4096,B
1038,M3,gpumetropolis-Vulkan-NVIDIA,1000000,32768,B
1039,M3,gpumetropolis-Vulkan-NVIDIA,10000000,1,B
1040,M3,gpumetropolis-Vulkan-NVIDIA,10000000,8,B
1041,M3,gpumetropolis-Vulkan-NVIDIA,10000000,64,B
1042,M3,gpumetropolis-Vulkan-NVIDIA,10000000,512,B
1043,M3,gpumetropolis-Vulkan-NVIDIA,10000000,4096,B
1044,M3,gpumetropolis-Vulkan-NVIDIA,10000000,32768,B
1045,M3,gpumetropolis-Vulkan-AMD,100,1,B
1046,M3,gpumetropolis-Vulkan-AMD,100,8,B
1047,M3,gpumetropolis-Vulkan-AMD,100,64,B
1048,M3,gpumetropolis-Vulkan-AMD,100,512,B
1049,M3,gpumetropolis-Vulkan-AMD,100,4096,B
1050,M3,gpumetropolis-Vulkan-AMD,100,32768,B
1051,M3,gpumetropolis-Vulkan-AMD,1000,1,B
1052,M3,gpumetropolis-Vulkan-AMD,1000,8,B
1053,M3,gpumetropolis-Vulkan-AMD,1000,64,B
1054,M3,gpumetropolis-Vulkan-AMD,1000,512,B
1055,M3,gpumetropolis-Vulkan-AMD,1000,4096,B
1056,M3,gpumetropolis-Vulkan-AMD,1000,32768,B
1057,M3,gpumetropolis-Vulkan-AMD,10000,1,B
1058,M3,gpumetropolis-Vulkan-AMD,10000,8,B
1059,M3,gpumetropolis-Vulkan-AMD,10000,64,B
1060,M3,gpumetropolis-Vulkan-AMD,10000,512,B
1061,M3,gpumetropolis-Vulkan-AMD,10000,4096,B
1062,M3,gpumetropolis-Vulkan-AMD,10000,32768,B
1063,M3,gpumetropolis-Vulkan-AMD,100000,1,B
1064,M3,gpumetropolis-Vulkan-AMD,100000,8,B
1065,M3,gpumetropolis-Vulkan-AMD,100000,64,B
1066,M3,gpumetropolis-Vulkan-AMD,100000,512,B
1067,M3,gpumetropolis-Vulkan-AMD,100000,4096,B
1068,M3,gpumetropolis-Vulkan-AMD,100000,32768,B
1069,M3,gpumetropolis-Vulkan-AMD,1000000,1,B
1070,M3,gpumetropolis-Vulkan-AMD,1000000,8,B
1071,M3,gpumetropolis-Vulkan-AMD,1000000,64,B
1072,M3,gpumetropolis-Vulkan-AMD,1000000,512,B
1073,M3,gpumetropolis-Vulkan-AMD,1000000,4096,B
1074,M3,gpumetropolis-Vulkan-AMD,1000000,32768,B
1075,M3,gpumetropolis-Vulkan-AMD,10000000,1,B
1076,M3,gpumetropolis-Vulkan-AMD,10000000,8,B
1077,M3,gpumetropolis-Vulkan-AMD,10000000,64,B
1078,M3,gpumetropolis-Vulkan-AMD,10000000,512,B
1079,M3,gpumetropolis-Vulkan-AMD,10000000,4096,B
1080,M3,gpumetropolis-Vulkan-AMD,10000000,32768,B
1081,M4,gpumetropolis-CPU,100,1,A
1082,M4,gpumetropolis-CPU,100,8,A
1083,M4,gpumetropolis-CPU,100,64,A
1084,M4,gpumetropolis-CPU,100,512,A
1085,M4,gpumetropolis-CPU,100,4096,A
1086,M4,gpumetropolis-CPU,100,32768,A
1087,M4,gpumetropolis-CPU,1000,1,A
1088,M4,gpumetropolis-CPU,1000,8,A
1089,M4,gpumetropolis-CPU,1000,64,A
1090,M4,gpumetropolis-CPU,1000,512,A
1091,M4,gpumetropolis-CPU,1000,4096,A
1092,M4,gpumetropolis-CPU,1000,32768,A
1093,M4,gpumetropolis-CPU,10000,1,A
1094,M4,gpumetropolis-CPU,10000,8,A
1095,M4,gpumetropolis-CPU,10000,64,A
1096,M4,gpumetropolis-CPU,10000,512,A
1097,M4,gpumetropolis-CPU,10000,4096,A
1098,M4,gpumetropolis-CPU,10000,32768,A
1099,M4,gpumetropolis-CPU,100000,1,A
1100,M4,gpumetropolis-CPU,100000,8,A
1101,M4,gpumetropolis-CPU,100000,64,A
1102,M4,gpumetropolis-CPU,100000,512,A
1103,M4,gpumetropolis-CPU,100000,4096,A
1104,M4,gpumetropolis-CPU,100000,32768,A
1105,M4,gpumetropolis-CPU,1000000,1,A
1106,M4,gpumetropolis-CPU,1000000,8,A
1107,M4,gpumetropolis-CPU,1000000,64,A
1108,M4,gpumetropolis-CPU,1000000,512,A
1109,M4,gpumetropolis-CPU,1000000,4096,A
1110,M4,gpumetropolis-CPU,1000000,32768,A
1111,M4,gpumetropolis-CPU,10000000,1,A
1112,M4,gpumetropolis-CPU,10000000,8,A
1113,M4,gpumetropolis-CPU,10000000,64,A
1114,M4,gpumetropolis-CPU,10000000,512,A
1115,M4,gpumetropolis-CPU,10000000,4096,A
1116,M4,gpumetropolis-CPU,10000000,32768,A
1117,M4,MCMCpack,100,1,A
1118,M4,MCMCpack,100,8,A
1119,M4,MCMCpack,100,64,A
1120,M4,MCMCpack,100,512,A
1121,M4,MCMCpack,100,4096,A
1122,M4,MCMCpack,100,32768,A
1123,M4,MCMCpack,1000,1,A
1124,M4,MCMCpack,1000,8,A
1125,M4,MCMCpack,1000,64,A
1126,M4,MCMCpack,1000,512,A
1127,M4,MCMCpack,1000,4096,A
1128,M4,MCMCpack,1000,32768,A
1129,M4,MCMCpack,10000,1,A
1130,M4,MCMCpack,10000,8,A
1131,M4,MCMCpack,10000,64,A
1132,M4,MCMCpack,10000,512,A
1133,M4,MCMCpack,10000,4096,A
1134,M4,MCMCpack,10000,32768,A
1135,M4,MCMCpack,100000,1,A
1136,M4,MCMCpack,100000,8,A
1137,M4,MCMCpack,100000,64,A
1138,M4,MCMCpack,100000,512,A
1139,M4,MCMCpack,100000,4096,A
1140,M4,MCMCpack,100000,32768,A
1141,M4,MCMCpack,1000000,1,A
1142,M4,MCMCpack,1000000,8,A
1143,M4,MCMCpack,1000000,64,A
1144,M4,MCMCpack,1000000,512,A
1145,M4,MCMCpack,1000000,4096,A
1146,M4,MCMCpack,1000000,32768,A
1147,M4,MCMCpack,10000000,1,A
1148,M4,MCMCpack,10000000,8,A
1149,M4,MCMCpack,10000000,64,A
1150,M4,MCMCpack,10000000,512,A
1151,M4,MCMCpack,10000000,4096,A
1152,M4,MCMCpack,10000000,32768,A
1153,M4,mcmc,100,1,A
1154,M4,mcmc,100,8,A
1155,M4,mcmc,100,64,A
1156,M4,mcmc,100,512,A
1157,M4,mcmc,100,4096,A
1158,M4,mcmc,100,32768,A
1159,M4,mcmc,1000,1,A
1160,M4,mcmc,1000,8,A
1161,M4,mcmc,1000,64,A
1162,M4,mcmc,1000,512,A
1163,M4,mcmc,1000,4096,A
1164,M4,mcmc,1000,32768,A
1165,M4,mcmc,10000,1,A
1166,M4,mcmc,10000,8,A
1167,M4,mcmc,10000,64,A
1168,M4,mcmc,10000,512,A
1169,M4,mcmc,10000,4096,A
1170,M4,mcmc,10000,32768,A
1171,M4,mcmc,100000,1,A
1172,M4,mcmc,100000,8,A
1173,M4,mcmc,100000,64,A
1174,M4,mcmc,100000,512,A
1175,M4,mcmc,100000,4096,A
1176,M4,mcmc,100000,32768,A
1177,M4,mcmc,1000000,1,A
1178,M4,mcmc,1000000,8,A
1179,M4,mcmc,1000000,64,A
1180,M4,mcmc,1000000,512,A
1181,M4,mcmc,1000000,4096,A
1182,M4,mcmc,1000000,32768,A
1183,M4,mcmc,10000000,1,A
1184,M4,mcmc,10000000,8,A
1185,M4,mcmc,10000000,64,A
1186,M4,mcmc,10000000,512,A
1187,M4,mcmc,10000000,4096,A
1188,M4,mcmc,10000000,32768,A
1189,M4,nimble,100,1,A
1190,M4,nimble,100,8,A
1191,M4,nimble,100,64,A
1192,M4,nimble,100,512,A
1193,M4,nimble,100,4096,A
1194,M4,nimble,100,32768,A
1195,M4,nimble,1000,1,A
1196,M4,nimble,1000,8,A
1197,M4,nimble,1000,64,A
1198,M4,nimble,1000,512,A
1199,M4,nimble,1000,4096,A
1200,M4,nimble,1000,32768,A
1201,M4,nimble,10000,1,A
1202,M4,nimble,10000,8,A
1203,M4,nimble,10000,64,A
1204,M4,nimble,10000,512,A
1205,M4,nimble,10000,4096,A
1206,M4,nimble,10000,32768,A
1207,M4,nimble,100000,1,A
1208,M4,nimble,100000,8,A
1209,M4,nimble,100000,64,A
1210,M4,nimble,100000,512,A
1211,M4,nimble,100000,4096,A
1212,M4,nimble,100000,32768,A
1213,M4,nimble,1000000,1,A
1214,M4,nimble,1000000,8,A
1215,M4,nimble,1000000,64,A
1216,M4,nimble,1000000,512,A
1217,M4,nimble,1000000,4096,A
1218,M4,nimble,1000000,32768,A
1219,M4,nimble,10000000,1,A
1220,M4,nimble,10000000,8,A
1221,M4,nimble,10000000,64,A
1222,M4,nimble,10000000,512,A
1223,M4,nimble,10000000,4096,A
1224,M4,nimble,10000000,32768,A
1225,M4,BayesianTools,100,1,A
1226,M4,BayesianTools,100,8,A
1227,M4,BayesianTools,100,64,A
1228,M4,BayesianTools,100,512,A
1229,M4,BayesianTools,100,4096,A
1230,M4,BayesianTools,100,32768,A
1231,M4,BayesianTools,1000,1,A
1232,M4,BayesianTools,1000,8,A
1233,M4,BayesianTools,1000,64,A
1234,M4,BayesianTools,1000,512,A
1235,M4,BayesianTools,1000,4096,A
1236,M4,BayesianTools,1000,32768,A
1237,M4,BayesianTools,10000,1,A
1238,M4,BayesianTools,10000,8,A
1239,M4,BayesianTools,10000,64,A
1240,M4,BayesianTools,10000,512,A
1241,M4,BayesianTools,10000,4096,A
1242,M4,BayesianTools,10000,32768,A
1243,M4,BayesianTools,100000,1,A
1244,M4,BayesianTools,100000,8,A
1245,M4,BayesianTools,100000,64,A
1246,M4,BayesianTools,100000,512,A
1247,M4,BayesianTools,100000,4096,A
1248,M4,BayesianTools,100000,32768,A
1249,M4,BayesianTools,1000000,1,A
1250,M4,BayesianTools,1000000,8,A
1251,M4,BayesianTools,1000000,64,A
1252,M4,BayesianTools,1000000,512,A
1253,M4,BayesianTools,1000000,4096,A
1254,M4,BayesianTools,1000000,32768,A
1255,M4,BayesianTools,10000000,1,A
1256,M4,BayesianTools,10000000,8,A
1257,M4,BayesianTools,10000000,64,A
1258,M4,BayesianTools,10000000,512,A
1259,M4,BayesianTools,10000000,4096,A
1260,M4,BayesianTools,10000000,32768,A
1261,M4,greta,100,1,A
1262,M4,greta,100,8,A
1263,M4,greta,100,64,A
1264,M4,greta,100,512,A
1265,M4,greta,100,4096,A
1266,M4,greta,100,32768,A
1267,M4,greta,1000,1,A
1268,M4,greta,1000,8,A
1269,M4,greta,1000,64,A
1270,M4,greta,1000,512,A
1271,M4,greta,1000,4096,A
1272,M4,greta,1000,32768,A
1273,M4,greta,10000,1,A
1274,M4,greta,10000,8,A
1275,M4,greta,10000,64,A
1276,M4,greta,10000,512,A
1277,M4,greta,10000,4096,A
1278,M4,greta,10000,32768,A
1279,M4,greta,100000,1,A
1280,M4,greta,100000,8,A
1281,M4,greta,100000,64,A
1282,M4,greta,100000,512,A
1283,M4,greta,100000,4096,A
1284,M4,greta,100000,32768,A
1285,M4,greta,1000000,1,A
1286,M4,greta,1000000,8,A
1287,M4,greta,1000000,64,A
1288,M4,greta,1000000,512,A
1289,M4,greta,1000000,4096,A
1290,M4,greta,1000000,32768,A
1291,M4,greta,10000000,1,A
1292,M4,greta,10000000,8,A
1293,M4,greta,10000000,64,A
1294,M4,greta,10000000,512,A
1295,M4,greta,10000000,4096,A
1296,M4,greta,10000000,32768,A
1297,M4,Stan-cmdstanr,100,1,A
1298,M4,Stan-cmdstanr,100,8,A
1299,M4,Stan-cmdstanr,100,64,A
1300,M4,Stan-cmdstanr,100,512,A
1301,M4,Stan-cmdstanr,100,4096,A
1302,M4,Stan-cmdstanr,100,32768,A
1303,M4,Stan-cmdstanr,1000,1,A
1304,M4,Stan-cmdstanr,1000,8,A
1305,M4,Stan-cmdstanr,1000,64,A
1306,M4,Stan-cmdstanr,1000,512,A
1307,M4,Stan-cmdstanr,1000,4096,A
1308,M4,Stan-cmdstanr,1000,32768,A
1309,M4,Stan-cmdstanr,10000,1,A
1310,M4,Stan-cmdstanr,10000,8,A
1311,M4,Stan-cmdstanr,10000,64,A
1312,M4,Stan-cmdstanr,10000,512,A
1313,M4,Stan-cmdstanr,10000,4096,A
1314,M4,Stan-cmdstanr,10000,32768,A
1315,M4,Stan-cmdstanr,100000,1,A
1316,M4,Stan-cmdstanr,100000,8,A
1317,M4,Stan-cmdstanr,100000,64,A
1318,M4,Stan-cmdstanr,100000,512,A
1319,M4,Stan-cmdstanr,100000,4096,A
1320,M4,Stan-cmdstanr,100000,32768,A
1321,M4,Stan-cmdstanr,1000000,1,A
1322,M4,Stan-cmdstanr,1000000,8,A
1323,M4,Stan-cmdstanr,1000000,64,A
1324,M4,Stan-cmdstanr,1000000,512,A
1325,M4,Stan-cmdstanr,1000000,4096,A
1326,M4,Stan-cmdstanr,1000000,32768,A
1327,M4,Stan-cmdstanr,10000000,1,A
1328,M4,Stan-cmdstanr,10000000,8,A
1329,M4,Stan-cmdstanr,10000000,64,A
1330,M4,Stan-cmdstanr,10000000,512,A
1331,M4,Stan-cmdstanr,10000000,4096,A
1332,M4,Stan-cmdstanr,10000000,32768,A
1333,M4,gpumetropolis-CUDA,100,1,B
1334,M4,gpumetropolis-CUDA,100,8,B
1335,M4,gpumetropolis-CUDA,100,64,B
1336,M4,gpumetropolis-CUDA,100,512,B
1337,M4,gpumetropolis-CUDA,100,4096,B
1338,M4,gpumetropolis-CUDA,100,32768,B
1339,M4,gpumetropolis-CUDA,1000,1,B
1340,M4,gpumetropolis-CUDA,1000,8,B
1341,M4,gpumetropolis-CUDA,1000,64,B
1342,M4,gpumetropolis-CUDA,1000,512,B
1343,M4,gpumetropolis-CUDA,1000,4096,B
1344,M4,gpumetropolis-CUDA,1000,32768,B
1345,M4,gpumetropolis-CUDA,10000,1,B
1346,M4,gpumetropolis-CUDA,10000,8,B
1347,M4,gpumetropolis-CUDA,10000,64,B
1348,M4,gpumetropolis-CUDA,10000,512,B
1349,M4,gpumetropolis-CUDA,10000,4096,B
1350,M4,gpumetropolis-CUDA,10000,32768,B
1351,M4,gpumetropolis-CUDA,100000,1,B
1352,M4,gpumetropolis-CUDA,100000,8,B
1353,M4,gpumetropolis-CUDA,100000,64,B
1354,M4,gpumetropolis-CUDA,100000,512,B
1355,M4,gpumetropolis-CUDA,100000,4096,B
1356,M4,gpumetropolis-CUDA,100000,32768,B
1357,M4,gpumetropolis-CUDA,1000000,1,B
1358,M4,gpumetropolis-CUDA,1000000,8,B
1359,M4,gpumetropolis-CUDA,1000000,64,B
1360,M4,gpumetropolis-CUDA,1000000,512,B
1361,M4,gpumetropolis-CUDA,1000000,4096,B
1362,M4,gpumetropolis-CUDA,1000000,32768,B
1363,M4,gpumetropolis-CUDA,10000000,1,B
1364,M4,gpumetropolis-CUDA,10000000,8,B
1365,M4,gpumetropolis-CUDA,10000000,64,B
1366,M4,gpumetropolis-CUDA,10000000,512,B
1367,M4,gpumetropolis-CUDA,10000000,4096,B
1368,M4,gpumetropolis-CUDA,10000000,32768,B
1369,M4,gpumetropolis-Vulkan-NVIDIA,100,1,B
1370,M4,gpumetropolis-Vulkan-NVIDIA,100,8,B
1371,M4,gpumetropolis-Vulkan-NVIDIA,100,64,B
1372,M4,gpumetropolis-Vulkan-NVIDIA,100,512,B
1373,M4,gpumetropolis-Vulkan-NVIDIA,100,4096,B
1374,M4,gpumetropolis-Vulkan-NVIDIA,100,32768,B
1375,M4,gpumetropolis-Vulkan-NVIDIA,1000,1,B
1376,M4,gpumetropolis-Vulkan-NVIDIA,1000,8,B
1377,M4,gpumetropolis-Vulkan-NVIDIA,1000,64,B
1378,M4,gpumetropolis-Vulkan-NVIDIA,1000,512,B
1379,M4,gpumetropolis-Vulkan-NVIDIA,1000,4096,B
1380,M4,gpumetropolis-Vulkan-NVIDIA,1000,32768,B
1381,M4,gpumetropolis-Vulkan-NVIDIA,10000,1,B
1382,M4,gpumetropolis-Vulkan-NVIDIA,10000,8,B
1383,M4,gpumetropolis-Vulkan-NVIDIA,10000,64,B
1384,M4,gpumetropolis-Vulkan-NVIDIA,10000,512,B
1385,M4,gpumetropolis-Vulkan-NVIDIA,10000,4096,B
1386,M4,gpumetropolis-Vulkan-NVIDIA,10000,32768,B
1387,M4,gpumetropolis-Vulkan-NVIDIA,100000,1,B
1388,M4,gpumetropolis-Vulkan-NVIDIA,100000,8,B
1389,M4,gpumetropolis-Vulkan-NVIDIA,100000,64,B
1390,M4,gpumetropolis-Vulkan-NVIDIA,100000,512,B
1391,M4,gpumetropolis-Vulkan-NVIDIA,100000,4096,B
1392,M4,gpumetropolis-Vulkan-NVIDIA,100000,32768,B
1393,M4,gpumetropolis-Vulkan-NVIDIA,1000000,1,B
1394,M4,gpumetropolis-Vulkan-NVIDIA,1000000,8,B
1395,M4,gpumetropolis-Vulkan-NVIDIA,1000000,64,B
1396,M4,gpumetropolis-Vulkan-NVIDIA,1000000,512,B
1397,M4,gpumetropolis-Vulkan-NVIDIA,1000000,4096,B
1398,M4,gpumetropolis-Vulkan-NVIDIA,1000000,32768,B
1399,M4,gpumetropolis-Vulkan-NVIDIA,10000000,1,B
1400,M4,gpumetropolis-Vulkan-NVIDIA,10000000,8,B
1401,M4,gpumetropolis-Vulkan-NVIDIA,10000000,64,B
1402,M4,gpumetropolis-Vulkan-NVIDIA,10000000,512,B
1403,M4,gpumetropolis-Vulkan-NVIDIA,10000000,4096,B
1404,M4,gpumetropolis-Vulkan-NVIDIA,10000000,32768,B
1405,M4,gpumetropolis-Vulkan-AMD,100,1,B
1406,M4,gpumetropolis-Vulkan-AMD,100,8,B
1407,M4,gpumetropolis-Vulkan-AMD,100,64,B
1408,M4,gpumetropolis-Vulkan-AMD,100,512,B
1409,M4,gpumetropolis-Vulkan-AMD,100,4096,B
1410,M4,gpumetropolis-Vulkan-AMD,100,32768,B
1411,M4,gpumetropolis-Vulkan-AMD,1000,1,B
1412,M4,gpumetropolis-Vulkan-AMD,1000,8,B
1413,M4,gpumetropolis-Vulkan-AMD,1000,64,B
1414,M4,gpumetropolis-Vulkan-AMD,1000,512,B
1415,M4,gpumetropolis-Vulkan-AMD,1000,4096,B
1416,M4,gpumetropolis-Vulkan-AMD,1000,32768,B
1417,M4,gpumetropolis-Vulkan-AMD,10000,1,B
1418,M4,gpumetropolis-Vulkan-AMD,10000,8,B
1419,M4,gpumetropolis-Vulkan-AMD,10000,64,B
1420,M4,gpumetropolis-Vulkan-AMD,10000,512,B
1421,M4,gpumetropolis-Vulkan-AMD,10000,4096,B
1422,M4,gpumetropolis-Vulkan-AMD,10000,32768,B
1423,M4,gpumetropolis-Vulkan-AMD,100000,1,B
1424,M4,gpumetropolis-Vulkan-AMD,100000,8,B
1425,M4,gpumetropolis-Vulkan-AMD,100000,64,B
1426,M4,gpumetropolis-Vulkan-AMD,100000,512,B
1427,M4,gpumetropolis-Vulkan-AMD,100000,4096,B
1428,M4,gpumetropolis-Vulkan-AMD,100000,32768,B
1429,M4,gpumetropolis-Vulkan-AMD,1000000,1,B
1430,M4,gpumetropolis-Vulkan-AMD,1000000,8,B
1431,M4,gpumetropolis-Vulkan-AMD,1000000,64,B
1432,M4,gpumetropolis-Vulkan-AMD,1000000,512,B
1433,M4,gpumetropolis-Vulkan-AMD,1000000,4096,B
1434,M4,gpumetropolis-Vulkan-AMD,1000000,32768,B
1435,M4,gpumetropolis-Vulkan-AMD,10000000,1,B
1436,M4,gpumetropolis-Vulkan-AMD,10000000,8,B
1437,M4,gpumetropolis-Vulkan-AMD,10000000,64,B
1438,M4,gpumetropolis-Vulkan-AMD,10000000,512,B
1439,M4,gpumetropolis-Vulkan-AMD,10000000,4096,B
1440,M4,gpumetropolis-Vulkan-AMD,10000000,32768,B
